ID,Name,Description,Date,Performer(s),Venue,"Tickets Left","Ticket Price",Active?
1,"Indiana Pacers vs. Washington Wizards","NBA Game 2",2022-10-19,"Washington Wizards,Indiana Pacers","Gainbridge Fieldhouse",11,36,YES
2,"Indiana Pacers vs. Detroit Pistons","NBA Game 3",2022-10-22,"Indiana Pacers,Detroit Pistons","Gainbridge Fieldhouse",31,44,YES
3,"Chicago Bulls vs. Los Angeles Lakers","NBA Game 4",2022-10-31,"Chicago Bulls,Los Angeles Lakers","United Center",33,33,YES
4,"Indiana Pacers vs. Los Angeles Lakers","NBA Game 44",2023-02-03,"Indiana Pacers,Los Angeles Lakers","Gainbridge Fieldhouse",10,11,YES
5,"Chicago Bulls vs. Celtics","NBA Game 34",2022-10-29,"Chicago Bulls,Boston Celtics","United Center",44,14,YES
6,"Indiana Pacers FanJam","NBA Game 24",2022-10-09,"Utah Jazz,Indiana Pacers","Gainbridge Fieldhouse",99,50,YES
7,"Houston Rockets vs. Los Angeles Lakers","NBA Game",2022-12-25,"Houston Rockets,Los Angeles Lakers","Staples Center",100,100,YES
8,"Indiana Pacers vs. Phoenix Suns","NBA Game 40",2023-04-05,"Indiana Pacers,Phoenix Suns","Gainbridge Fieldhouse",150,32,YES
9,"Mad Ants vs. Bulls","G League Game",2022-11-30,"Fort Wayne Mad Ants,Windy City Bulls","Gainbridge Fieldhouse",0,150,YES
10,"Santa Cruz vs. Texas City","G league Game",2023-12-26,"Santa Cruz Warriors,Texas City Legends","Chase Center",82,55,NO
11,"Gold vs. Pacers","G League vs. NBA Exhibition",2022-12-31,"Grand City Rapids GoldDDDDDD,Indiana Pacers","New Venue",150,45,YES
