ID,Name,Active?
1,"Indiana Pacers",YES
2,"Washington Wizards",YES
3,"Detroit Pistons",YES
4,"Chicago Bulls",YES
5,"Los Angeles Lakers",YES
6,"Miami Heat",YES
7,"Phoenix Suns",YES
8,"Charlotte Hornets",YES
9,"Oklahoma City Thunder",YES
10,"Milwaukee Bucks",YES
11,"Orlando Magic",YES
12,"Los Angeles Clippers",YES
13,"Houston Rockets",YES
14,"Cleveland Cavaliers",YES
15,"Denver Nuggets",YES
16,"New Orleans Pelicans",YES
17,"Utah Jazz",YES
18,"Sacramento Kings",YES
19,"Golden State Warriors",YES
20,"Memphis Grizzlies",YES
21,"New York Knicks",YES
22,"Brooklyn Nets",YES
23,"Boston Celtics",YES
24,"Philadelphia 76ers",YES
25,"San Antonio Spurs",YES
26,"Fort Wayne Mad Ants",YES
27,"Windy City Bulls",YES
28,"Santa Cruz Warriors",YES
29,"Texas City Legends",YES
