ID,Name,Initial,Active?
1,Alabama,AL,YES
2,Alaska,AK,YES
3,Arizona,AZ,YES
4,Arkansas,AR,YES
5,California,CA,YES
6,Colorado,CO,YES
7,Connecticut,CT,YES
8,Delaware,DE,YES
9,Florida,FL,YES
10,Georgia,GA,YES
11,Hawaii,HI,YES
12,Idaho,ID,YES
13,Illinois,IL,YES
14,Indiana,IN,YES
15,Iowa,IA,YES
16,Kansas,KS,YES
17,Kentucky,KY,YES
18,Louisiana,LA,YES
19,Maine,ME,YES
20,Maryland,MD,YES
21,Massachussetts,MA,YES
22,Michigan,MI,YES
23,Minnesota,MN,YES
24,Mississippi,MS,YES
25,Missouri,MO,YES
26,Montana,MT,YES
27,Nebraska,NE,YES
28,Nevada,NV,YES
29,"New Hampshire",NH,YES
30,"New Jersey",NJ,YES
31,"New Mexico",NM,YES
32,"New York",NY,YES
33,"North Carolina",NC,YES
34,"North Dakota",ND,YES
35,Ohio,OH,YES
36,Oklahoma,OK,YES
37,Oregon,OR,YES
38,Pennsylvania,PA,YES
39,"Rhode Island",RI,YES
40,"South Carolina",SC,YES
41,"South Dakota",SD,NO
42,Tennessee,TN,YES
43,Texas,TX,YES
44,Utah,UT,YES
45,Vermont,VT,YES
46,Virginia,VA,YES
47,Washington,WA,YES
48,"West Virginia",WV,YES
49,Wisconsin,WI,YES
50,Wyoming,WY,YES
51,AAAAAAAAAAAA,AA,NO
52,"Test STate",TS,NO
