ID,Name,Email,Phone,Address,Orders
1,"Christian Heatherly",test@chris.tian,123-456-7891,"81 Test Rd, , Orlando, MD",1
2,"First Last",second@t.t,098-765-4321,"11 Test Road, , Indianapolis, IN",2
4,"Tyrese Haliburton",thali@pacers.com,123-456-7711,"24 Indiana Rd, 23 Pacers St, Indianapolis, MD",15
9,"Paul George",pg13@clippers.com,124-213-2213,"24 Pacers Rd, 13 Clippers St, Los Angeles, CA",3
20,"Demonstration User",du@test.com,111-111-1111,"22 Test St, 23 Testing Road, Indianapolis, AL",4
21,"Presentation Two",pres2@test.com,111-111-1111,"11 Test Dr, , Indianapolis, TX",2
23,"Pres3test User3Test",pres4@test.com,123-456-7890,"13 Test St, , Indy, VA",1
25,"Presentation Three User",pres33@test.com,123-456-7894,"43 Test Rd, 34 Test Blvd, PresTHR, TN",2

"Total Orders"
30
