ID,Name,Email,Phone,Address,Active?
1,"Christian Heatherly",test@chris.tian,123-456-7891,"81 Test Rd, , Orlando, MD",YES
2,"First Last",second@t.t,098-765-4321,"11 Test Road, , Indianapolis, IN",YES
3,"t te",t@t.com,123-444-5678,"94 Test Blvd, , City Testing, GA",YES
4,"Tyrese Haliburton",thali@pacers.com,123-456-7711,"24 Indiana Rd, 23 Pacers St, Indianapolis, MD",YES
5,"TestName LastTest",testing@t.t,123-456-7890,"91 Last Ct, , City, KS",YES
6,"testing testingt",test@t.t,123-456-7890,"12 Three St, , test, LA",YES
7,"final test",before@email.test,123-456-7890,"12 Test St, , Indianapolis, IN",YES
8,"Myles Turner",mturner@pacers.com,123-456-7890,"33 Pacers Rd, 52 Texas St, Indianapolis, WI",YES
9,"Paul George",pg13@clippers.com,124-213-2213,"24 Pacers Rd, 13 Clippers St, Los Angeles, CA",YES
10,"Third Test",t@t.co,123-456-7894,"11 Test Rd, , Sacramento, KY",YES
11,"test name",test@val.idation,123-456-1234,"144 test address St, , orlando, WI",YES
12,"Test User",fixing@the.structure,123-785-4932,"1 Pacers Rd, , Test City, AL",YES
13,"Bennedict Mathurin",bmath2022@pacers.com,111-243-2936,"19 Test Road, , Indianapolis, IN",YES
14,"Rick Carlisle",rcarlisle@test.test,123-456-7890,"9 Pacers Rd, , Orlando, FL",YES
15,"Test User",thali2@pacers.com,123-456-7890,"12 Test Rd, , Honolulu, HI",YES
16,"Tyrese Haliburton",thali3@pacers.com,498-329-2112,"12 Pacer St, , Greenwood, IN",YES
17,"Myles Turner",test@t.ttt,123-456-7890,"12 Test St, , Los Angeles, CA",YES
18,"t t",testingtwice@t.t,123-456-7890,"11 Test Rd, , Test, AL",YES
19,"Indiana Pacer Fan",indianafan2092@test.com,124-489-1291,"19 Test Road, 9 Test Blvd, Indianapolis, IN",YES
20,"Demonstration User",du@test.com,111-111-1111,"22 Test St, 23 Testing Road, Indianapolis, AL",YES
21,"Presentation Two",pres2@test.com,111-111-1111,"11 Test Dr, , Indianapolis, TX",YES
22,"Admin Created User",acu@test.com,123-456-7890,"9 Test Blvd, 89 Pacers Rd, Indianapolis, IN",YES
23,"Pres3test User3Test",pres4@test.com,123-456-7890,"13 Test St, , Indy, VA",YES
24,"Presentation Three",pres3@test.com,111-111-1111,"11 test St, 12 Test Rd, Los Angeles, AL",NO
25,"Presentation Three User",pres33@test.com,123-456-7894,"43 Test Rd, 34 Test Blvd, PresTHR, TN",YES
26,"Pres33 Test3",pres34@test.com,123-456-1234,"45 Test Rd, , Indianapolis, ME",NO
